split,seed,model,estimates,dimension,group,rows,mae,rmse,log_rmse
random,42,histgb,True,price_band,<100k,5358,28911.185148372395,43690.72071161432,0.5235298243825419
random,42,histgb,True,price_band,100k-250k,11591,39235.71311196011,51875.97586857276,0.32355747878268515
random,42,histgb,True,price_band,250k-500k,8352,55862.65062662485,74178.04322723631,0.2413459651850854
random,42,histgb,True,price_band,500k-1m,2343,98778.64559526327,126512.83910259385,0.24750724999895188
random,42,histgb,True,Property Class,202,4406,38157.62553002548,57024.6680998813,0.4083180854206348
random,42,histgb,True,Property Class,203,13407,42579.33083483443,60450.0875867002,0.355301110344373
random,42,histgb,True,Property Class,204,1757,58607.09673433207,78303.5214683554,0.29935411400956585
random,42,histgb,True,Property Class,205,2756,56447.86872020369,76570.94821990961,0.35230033909952824
random,42,histgb,True,Property Class,206,700,86390.06634777247,110014.94201898763,0.3247926305684669
random,42,histgb,True,Property Class,207,1286,42155.44594937339,59718.187351380686,0.28905571137563285
random,42,histgb,True,Property Class,208,234,84065.62260002678,111972.684138947,0.33621430227419796
random,42,histgb,True,Property Class,209,34,86425.66534860725,106184.23210991932,0.22786430982958203
random,42,histgb,True,Property Class,278,3064,56419.433871203415,77177.61276019311,0.23961593028639294
random,42,histgb,True,Town Code,10,167,68811.00795844803,89479.45925728396,0.21928608758154328
random,42,histgb,True,Town Code,11,469,44538.195920567756,62381.086157852194,0.34509322853721536
random,42,histgb,True,Town Code,12,670,30612.332124740096,44188.8159175257,0.39096158386481544
random,42,histgb,True,Town Code,13,875,32138.601168045083,40518.736629344836,0.38111183998354764
random,42,histgb,True,Town Code,14,106,33481.35415293321,40224.021493137814,0.5540954587924051
random,42,histgb,True,Town Code,15,366,34133.259990304316,43930.346301404905,0.40337468877814425
random,42,histgb,True,Town Code,16,548,41693.18081292228,57106.005510198826,0.19208400683637353
random,42,histgb,True,Town Code,17,283,85246.731753996,112626.49354061889,0.34956986551092184
random,42,histgb,True,Town Code,18,784,31426.680736576272,41877.213756444864,0.22792889280119322
random,42,histgb,True,Town Code,19,200,52343.84569102563,72518.4944046653,0.2080576058624046
random,42,histgb,True,Town Code,20,820,39540.98582406574,52466.04572655174,0.3023345184792435
random,42,histgb,True,Town Code,21,742,63768.00682838623,84653.86223883813,0.31934501460788484
random,42,histgb,True,Town Code,22,880,55678.650086321926,75720.09606686457,0.23242572785245116
random,42,histgb,True,Town Code,23,309,84855.163207818,105311.36715474458,0.2138474649546698
random,42,histgb,True,Town Code,24,709,51185.002656339224,68806.97854796745,0.2295683000980864
random,42,histgb,True,Town Code,25,575,75377.33759669,98581.69730695814,0.23627164636507192
random,42,histgb,True,Town Code,26,285,50142.868964462345,70372.29441845568,0.2596368605952719
random,42,histgb,True,Town Code,27,427,76261.951547986,99970.89058763253,0.26856900871107336
random,42,histgb,True,Town Code,28,574,39713.96737753068,54577.66460860622,0.1824192881332355
random,42,histgb,True,Town Code,29,838,49853.66381467054,66681.55315638489,0.2201732140526052
random,42,histgb,True,Town Code,30,281,51480.255300063676,70706.38480676805,0.2927427891337033
random,42,histgb,True,Town Code,31,1386,40020.68002020986,56395.73816960407,0.3454872599111148
random,42,histgb,True,Town Code,32,753,32472.277028514975,45652.729689256055,0.3796311199548946
random,42,histgb,True,Town Code,33,70,87943.86344089668,110153.1785039964,0.2315956840829225
random,42,histgb,True,Town Code,34,212,62620.28566453708,86273.99280843655,0.29084286083708566
random,42,histgb,True,Town Code,35,763,36567.94522254535,48759.160639075424,0.1926333607955048
random,42,histgb,True,Town Code,36,377,33761.65444079967,44819.32917941541,0.3106104074781875
random,42,histgb,True,Town Code,37,1262,26335.21241700947,34929.59881305155,0.433739647239808
random,42,histgb,True,Town Code,38,1044,49500.71364123105,66518.31283592248,0.21038857239003378
random,42,histgb,True,Town Code,39,1107,35158.5887331386,47529.97590447644,0.32181756255886057
random,42,histgb,True,Town Code,70,1324,41335.223785373186,58239.83586129134,0.5200302150636469
random,42,histgb,True,Town Code,71,3247,62643.3616863682,87481.93856525085,0.3225521901537135
random,42,histgb,True,Town Code,72,3770,39125.52835159937,53566.1592313174,0.42446586233549544
random,42,histgb,True,Town Code,73,197,97627.35798441853,130236.51343401817,0.34736131274399457
random,42,histgb,True,Town Code,74,12,126872.47745462216,147022.95556445813,0.323934241840109
random,42,histgb,True,Town Code,75,159,67918.89813374491,83906.90170038355,0.27147521296650623
random,42,histgb,True,Town Code,76,235,61372.40757262329,88836.78486489964,0.4170572259643458
random,42,histgb,True,Town Code,77,818,64362.01883500611,88513.58678207238,0.4887767082866287
random,42,histgb,False,price_band,<100k,5358,28820.16250526895,43146.97413605086,0.5266755038301203
random,42,histgb,False,price_band,100k-250k,11591,39237.713293845016,51764.6529849822,0.32193333454336304
random,42,histgb,False,price_band,250k-500k,8352,55493.74121765068,73911.64656553388,0.23975892813530217
random,42,histgb,False,price_band,500k-1m,2343,105863.33562612106,136043.54577361717,0.26777114763021287
random,42,histgb,False,Property Class,202,4406,38218.3155741095,57485.78143171384,0.4056807769587265
random,42,histgb,False,Property Class,203,13407,43005.62501062806,61659.497897936664,0.3568265065955028
random,42,histgb,False,Property Class,204,1757,58199.54967560667,78876.43358753163,0.2986429710074522
random,42,histgb,False,Property Class,205,2756,57944.08995875334,81037.54680579464,0.35972496470134446
random,42,histgb,False,Property Class,206,700,88451.14520347492,112855.56225574206,0.34390045426485544
random,42,histgb,False,Property Class,207,1286,43691.04261067028,62555.50775759946,0.28908707592333854
random,42,histgb,False,Property Class,208,234,77592.86227363233,108532.75296865907,0.3221968006414472
random,42,histgb,False,Property Class,209,34,106143.64092052497,130732.23247714933,0.27845282686160355
random,42,histgb,False,Property Class,278,3064,56775.24734580435,77021.5292797168,0.2375849793343357
random,42,histgb,False,Town Code,10,167,69066.8853109654,91495.78350433712,0.22305272793495795
random,42,histgb,False,Town Code,11,469,44984.718392841896,62773.066170580096,0.34978433663661285
random,42,histgb,False,Town Code,12,670,30375.3693739696,43101.5405739987,0.3945811442462285
random,42,histgb,False,Town Code,13,875,32100.45513111245,40398.41881869171,0.38469933866113765
random,42,histgb,False,Town Code,14,106,33513.431576097326,40920.8628539515,0.5521139289687771
random,42,histgb,False,Town Code,15,366,34481.71211525584,44808.26120583382,0.40409377184129686
random,42,histgb,False,Town Code,16,548,41410.919585105126,56051.568793223545,0.18613901032209415
random,42,histgb,False,Town Code,17,283,87353.08479006519,112608.05884003773,0.34923494652629744
random,42,histgb,False,Town Code,18,784,31065.56583933551,41297.36896276374,0.22394348338047804
random,42,histgb,False,Town Code,19,200,52266.50293371452,68025.74450455891,0.19909238669560828
random,42,histgb,False,Town Code,20,820,39898.60278629603,52538.168263386615,0.30399641597292876
random,42,histgb,False,Town Code,21,742,67534.5723722232,90406.45847435044,0.33146860265325884
random,42,histgb,False,Town Code,22,880,54932.73159897228,76062.12064446791,0.22653512510641288
random,42,histgb,False,Town Code,23,309,84067.88222150262,107120.75311977911,0.21519476626267495
random,42,histgb,False,Town Code,24,709,52782.48758295913,71194.342471936,0.2332752405407819
random,42,histgb,False,Town Code,25,575,74392.32152590198,98115.32554287887,0.2351922802640624
random,42,histgb,False,Town Code,26,285,46088.73216848709,64057.37490007088,0.24652017283459074
random,42,histgb,False,Town Code,27,427,82218.5330429412,109630.59985813971,0.2984803025824905
random,42,histgb,False,Town Code,28,574,38658.90871777701,53598.19512926261,0.17524772976620648
random,42,histgb,False,Town Code,29,838,50218.16733092202,66653.0585500918,0.21854018940059913
random,42,histgb,False,Town Code,30,281,49946.40392017961,72273.12949248959,0.29218893261585865
random,42,histgb,False,Town Code,31,1386,40415.91489396867,56459.71662700598,0.35056390165460644
random,42,histgb,False,Town Code,32,753,32350.69748495865,44887.98433176232,0.3714398538037367
random,42,histgb,False,Town Code,33,70,99419.4162469535,119354.62774283676,0.24438712251593123
random,42,histgb,False,Town Code,34,212,61764.83875528981,82401.15422352005,0.2698003204042984
random,42,histgb,False,Town Code,35,763,37347.2561321105,49402.5793891126,0.19571475904601413
random,42,histgb,False,Town Code,36,377,32887.518878371826,43707.144040377025,0.3045327876163679
random,42,histgb,False,Town Code,37,1262,26544.74749265773,35150.41977456475,0.44050280896068544
random,42,histgb,False,Town Code,38,1044,50253.70699162617,68028.61253098224,0.2139594470406639
random,42,histgb,False,Town Code,39,1107,35478.252886455855,47437.12823145167,0.3194075203074774
random,42,histgb,False,Town Code,70,1324,42149.778509040974,60010.790276051855,0.5248339815312426
random,42,histgb,False,Town Code,71,3247,62586.493423954445,88365.27169150722,0.3189373692680594
random,42,histgb,False,Town Code,72,3770,39290.21173483021,54173.1964286756,0.4226954798250046
random,42,histgb,False,Town Code,73,197,106731.10830808162,144993.11934005076,0.3623798226206522
random,42,histgb,False,Town Code,74,12,129113.37978127797,156110.08598717075,0.3253497247924191
random,42,histgb,False,Town Code,75,159,67167.06015204346,84236.41091964328,0.2729488176862725
random,42,histgb,False,Town Code,76,235,63356.95334026915,92592.89253460293,0.4161667407971562
random,42,histgb,False,Town Code,77,818,67881.62796077579,97559.90234513249,0.503362533577823
group,42,histgb,True,price_band,<100k,5133,28510.69037238247,42557.67403791241,0.5213176208900487
group,42,histgb,True,price_band,100k-250k,11793,39258.210630069676,52081.1064922481,0.32575560758392097
group,42,histgb,True,price_band,250k-500k,8375,55996.9794353344,74509.8810488643,0.24440116026323944
group,42,histgb,True,price_band,500k-1m,2320,102573.15182150589,132489.77679713123,0.2693194783492162
group,42,histgb,True,Property Class,202,4509,39514.775739997895,60334.87254519965,0.41108916006936197
group,42,histgb,True,Property Class,203,13325,42045.98975959755,59891.07468318477,0.34832576701937984
group,42,histgb,True,Property Class,204,1664,60464.29695215938,80192.84402144352,0.3120493458438186
group,42,histgb,True,Property Class,205,2760,58171.3699620979,80377.02554036073,0.3712792609456006
group,42,histgb,True,Property Class,206,719,87168.89763486893,110204.3716401947,0.3415196277077423
group,42,histgb,True,Property Class,207,1255,40450.68469885375,55183.98378884825,0.26887854845526704
group,42,histgb,True,Property Class,208,212,81994.09812120517,107221.910312939,0.21032373680724817
group,42,histgb,True,Property Class,209,30,127860.73214147982,166569.71893140388,0.43734087585515025
group,42,histgb,True,Property Class,278,3147,57833.72754818138,79597.604635978,0.25463107949555996
group,42,histgb,True,Town Code,10,168,81399.3720669782,113808.46254119677,0.3175442595583307
group,42,histgb,True,Town Code,11,509,46088.541968488695,63399.71716909778,0.3410480200862763
group,42,histgb,True,Town Code,12,676,31984.68924030697,45055.51922144834,0.4200401783833675
group,42,histgb,True,Town Code,13,844,34026.56856381722,43799.63250256325,0.39314113500981707
group,42,histgb,True,Town Code,14,84,34498.771230267484,43770.67312229011,0.5797698019978451
group,42,histgb,True,Town Code,15,367,32023.497087499105,42701.9208933917,0.3644548874013651
group,42,histgb,True,Town Code,16,548,44936.125712438545,62869.50601278064,0.22916914032218585
group,42,histgb,True,Town Code,17,264,82054.65669710668,102579.98154356434,0.2927900080767728
group,42,histgb,True,Town Code,18,842,30363.219465784397,40501.54515674818,0.20810959789270916
group,42,histgb,True,Town Code,19,192,53432.611866055675,73851.4330360506,0.2315925135220229
group,42,histgb,True,Town Code,20,796,36766.78688738257,49008.56153122827,0.27865678064793087
group,42,histgb,True,Town Code,21,774,61680.33290159038,85919.45930954895,0.33075749211524047
group,42,histgb,True,Town Code,22,867,53186.55731194979,73191.62993333353,0.22663179898873084
group,42,histgb,True,Town Code,23,300,86872.40851689133,103879.96153389741,0.21428427863621802
group,42,histgb,True,Town Code,24,719,52259.483751341555,72170.75971916031,0.22625290773655102
group,42,histgb,True,Town Code,25,579,77033.08393944005,101558.67615447112,0.2595226797272548
group,42,histgb,True,Town Code,26,295,48364.32736612971,68329.4225464505,0.2229391922771607
group,42,histgb,True,Town Code,27,414,76470.71078695562,104134.51261258531,0.2816490685758951
group,42,histgb,True,Town Code,28,554,40698.307091929506,57555.72744814003,0.22117213922495169
group,42,histgb,True,Town Code,29,845,49086.28763895347,69743.17560144044,0.21108863262448974
group,42,histgb,True,Town Code,30,283,52151.06001162424,73197.27106642169,0.30871233249850616
group,42,histgb,True,Town Code,31,1477,42666.00598963625,62220.612394915406,0.375963782461574
group,42,histgb,True,Town Code,32,740,32027.188481702604,41861.983147264444,0.36101332592980023
group,42,histgb,True,Town Code,33,92,89973.12553229541,114807.31004948667,0.22755484598398254
group,42,histgb,True,Town Code,34,178,55429.637719805694,77066.12965012275,0.25134324329110036
group,42,histgb,True,Town Code,35,772,37574.149330623404,51753.786593363366,0.20976473388653916
group,42,histgb,True,Town Code,36,360,36519.96048626357,50887.19251949231,0.34577810691499583
group,42,histgb,True,Town Code,37,1151,27143.993286907746,36784.469803905806,0.44011356144779906
group,42,histgb,True,Town Code,38,1136,51085.08283433306,70872.4133134897,0.22223214064579824
group,42,histgb,True,Town Code,39,1120,33640.175022942974,45223.530101466626,0.3016795668273299
group,42,histgb,True,Town Code,70,1313,43502.10687964191,62463.62634855498,0.536673919802473
group,42,histgb,True,Town Code,71,3244,62968.33426188643,87735.94433961697,0.30845918556472873
group,42,histgb,True,Town Code,72,3729,39312.032641869024,53358.681651224775,0.4235907603150468
group,42,histgb,True,Town Code,73,185,95008.55906901855,118352.12599859269,0.26230773062903734
group,42,histgb,True,Town Code,74,13,154390.21303957354,233760.34601725722,0.9107179905720518
group,42,histgb,True,Town Code,75,168,71876.18276378619,93681.24345505779,0.2805080927946876
group,42,histgb,True,Town Code,76,230,62879.712615060074,88090.8521683553,0.3839190891884707
group,42,histgb,True,Town Code,77,793,60384.430631227144,82712.52070332535,0.48737116167995537
group,42,histgb,False,price_band,<100k,5133,28710.454001644703,42031.990397527676,0.5276225466936145
group,42,histgb,False,price_band,100k-250k,11793,39210.59140103848,51767.81225097017,0.32122831304911936
group,42,histgb,False,price_band,250k-500k,8375,55503.2371045316,73839.60400795637,0.24076095588315874
group,42,histgb,False,price_band,500k-1m,2320,110573.96911081669,141636.76476412566,0.2870854829657507
group,42,histgb,False,Property Class,202,4509,39843.104313777454,61351.69973916429,0.40834710023848936
group,42,histgb,False,Property Class,203,13325,42677.26470132034,61194.226194897674,0.3509678898499338
group,42,histgb,False,Property Class,204,1664,59996.4181882505,80708.56054596517,0.3046402990567629
group,42,histgb,False,Property Class,205,2760,59991.80150102649,83072.00241504048,0.37553919721655865
group,42,histgb,False,Property Class,206,719,87626.32449769543,112701.10527819788,0.3372298259866537
group,42,histgb,False,Property Class,207,1255,42061.90203393073,57215.512816775765,0.2734527884276574
group,42,histgb,False,Property Class,208,212,80479.52728386773,103528.05986152483,0.21100134005834742
group,42,histgb,False,Property Class,209,30,134795.61716750576,184373.77240504674,0.4354104781050166
group,42,histgb,False,Property Class,278,3147,57361.747601146075,78894.01395310153,0.2488570315904686
group,42,histgb,False,Town Code,10,168,83666.06855134411,118365.49153631613,0.3302056194213062
group,42,histgb,False,Town Code,11,509,46132.265894839926,63727.971916325005,0.34323132027468145
group,42,histgb,False,Town Code,12,676,31902.387066835385,46432.28512432512,0.42642138754825093
group,42,histgb,False,Town Code,13,844,34162.641757915095,42979.46249318936,0.3911143132795745
group,42,histgb,False,Town Code,14,84,36180.10352978671,46500.3193737371,0.590868815725418
group,42,histgb,False,Town Code,15,367,32744.10047642002,42485.14279971611,0.366520135704931
group,42,histgb,False,Town Code,16,548,45673.44931292805,63993.13642539061,0.22525123241532374
group,42,histgb,False,Town Code,17,264,86367.60888736862,107936.07344882225,0.30809913400881306
group,42,histgb,False,Town Code,18,842,30495.188560817765,39291.70368506923,0.2001416483017759
group,42,histgb,False,Town Code,19,192,51344.10173748818,71877.55498475725,0.23753158275064215
group,42,histgb,False,Town Code,20,796,37180.59462199694,50248.89762012059,0.2802250818805815
group,42,histgb,False,Town Code,21,774,64444.06896812028,90722.33084516267,0.33904988160204985
group,42,histgb,False,Town Code,22,867,52357.11128395083,72754.81658699687,0.22108924658761886
group,42,histgb,False,Town Code,23,300,91957.16942139632,111628.94288964025,0.2297163351576162
group,42,histgb,False,Town Code,24,719,50775.530653951886,69984.59298856897,0.22018437940425972
group,42,histgb,False,Town Code,25,579,78467.7192022044,102026.99590106356,0.2595031857102753
group,42,histgb,False,Town Code,26,295,45808.787826880725,63965.571811546775,0.21067600915514467
group,42,histgb,False,Town Code,27,414,83113.56125497713,111313.69761105998,0.2886611005355403
group,42,histgb,False,Town Code,28,554,38523.127074495846,53743.176509462086,0.21119207020319106
group,42,histgb,False,Town Code,29,845,49108.50737714517,70111.47836487427,0.21128867063132864
group,42,histgb,False,Town Code,30,283,52872.68955029122,73216.69970794609,0.30867711846563
group,42,histgb,False,Town Code,31,1477,43424.06556683597,62282.02847982629,0.3769727165187951
group,42,histgb,False,Town Code,32,740,31350.363940917006,42702.039614746296,0.36492277920356636
group,42,histgb,False,Town Code,33,92,117096.39893230429,141791.77653926867,0.30647138595146417
group,42,histgb,False,Town Code,34,178,56579.6952273758,78581.19656154391,0.2451170768720634
group,42,histgb,False,Town Code,35,772,37013.095800277755,51286.75956314385,0.20929545974651714
group,42,histgb,False,Town Code,36,360,34661.090699507164,47772.31048522608,0.3311624934842476
group,42,histgb,False,Town Code,37,1151,27451.625903334287,36588.075722034046,0.4465853191242252
group,42,histgb,False,Town Code,38,1136,52516.2887110119,71921.7681139182,0.2238020890931767
group,42,histgb,False,Town Code,39,1120,34969.82322509717,47035.23343878076,0.3076938542198673
group,42,histgb,False,Town Code,70,1313,42694.790479922776,61098.808022829064,0.5345924020510129
group,42,histgb,False,Town Code,71,3244,62483.68575913845,86984.02780620755,0.30245074204498995
group,42,histgb,False,Town Code,72,3729,39682.624730887575,54358.83615649987,0.4232012262749259
group,42,histgb,False,Town Code,73,185,105582.84164956835,130147.74315328753,0.2708516900580318
group,42,histgb,False,Town Code,74,13,152141.2338058089,224643.09558025564,0.8684247805468104
group,42,histgb,False,Town Code,75,168,66497.30808526596,88623.6194162617,0.2724184261532627
group,42,histgb,False,Town Code,76,230,62583.856413562076,93221.27147130315,0.3856487719975586
group,42,histgb,False,Town Code,77,793,64579.17481941601,92410.69826776808,0.49226397103410546
time,42,histgb,True,price_band,<100k,3012,24727.093154826784,43597.68200310269,0.4920581161490295
time,42,histgb,True,price_band,100k-250k,8216,67128.88018347927,79175.68921665243,0.590987105166755
time,42,histgb,True,price_band,250k-500k,7197,85222.95868029275,102554.29768000988,0.3987741054236362
time,42,histgb,True,price_band,500k-1m,1774,108222.68460949353,138568.37839595793,0.29208603034340647
time,42,histgb,True,Property Class,202,3308,64274.92141763651,84872.00170216782,0.6136025819410622
time,42,histgb,True,Property Class,203,9737,69986.09799238826,88572.20997638875,0.5137595462615434
time,42,histgb,True,Property Class,204,1264,73684.4456592921,94126.12291187297,0.3544937781080251
time,42,histgb,True,Property Class,205,2116,74133.29339999538,95162.56082427208,0.4761294285894519
time,42,histgb,True,Property Class,206,584,91762.28882245156,119350.94590182317,0.3768425579909464
time,42,histgb,True,Property Class,207,770,72815.13461844902,88218.27248216052,0.44654551278724736
time,42,histgb,True,Property Class,208,157,89409.65848072252,114467.86594137344,0.27916402363177756
time,42,histgb,True,Property Class,209,24,75929.08317108275,99378.09349259743,0.3084771832592595
time,42,histgb,True,Property Class,278,2239,72242.00591060927,94047.83342851208,0.2909739941958607
time,42,histgb,True,Town Code,10,107,91792.86092793311,119505.03897658737,0.379602272823414
time,42,histgb,True,Town Code,11,323,94534.37573914776,114768.19121261156,0.5866683232321837
time,42,histgb,True,Town Code,12,536,45693.26863964678,60162.610084180116,0.5463173747815047
time,42,histgb,True,Town Code,13,637,58494.59043843713,69121.55759997567,0.5667941069385143
time,42,histgb,True,Town Code,14,87,47556.234541399244,61243.51337508693,0.7534370436045617
time,42,histgb,True,Town Code,15,208,88458.74341079194,102494.7304441261,0.7420730152775186
time,42,histgb,True,Town Code,16,374,82114.73393133974,96865.70017327381,0.34361319076243174
time,42,histgb,True,Town Code,17,198,100359.86607796737,125225.10698188929,0.3899838819965111
time,42,histgb,True,Town Code,18,603,77815.8401208562,86682.27088609648,0.4733883767523959
time,42,histgb,True,Town Code,19,167,63511.12071263317,84327.35351807241,0.2531851252668298
time,42,histgb,True,Town Code,20,585,97245.32798872009,112460.90653516683,0.6082789471850683
time,42,histgb,True,Town Code,21,543,79240.83669882505,100705.91212324581,0.4345578797530809
time,42,histgb,True,Town Code,22,649,88207.55039301963,107782.55594400634,0.36145489221998217
time,42,histgb,True,Town Code,23,198,81230.95157902497,105820.37914618933,0.23130355298719982
time,42,histgb,True,Town Code,24,461,80779.02258106906,98056.00559134103,0.32221222606132666
time,42,histgb,True,Town Code,25,400,83046.73868646676,106317.63193633499,0.27999593157957203
time,42,histgb,True,Town Code,26,200,95742.98631496575,116436.49050285511,0.4026196522155544
time,42,histgb,True,Town Code,27,251,83377.17115407363,111879.63810838354,0.3442826228788007
time,42,histgb,True,Town Code,28,456,56911.83131326445,73927.3953409715,0.25568803532055373
time,42,histgb,True,Town Code,29,621,64861.49826713476,81797.84563339787,0.2787289697860325
time,42,histgb,True,Town Code,30,224,66085.90532721086,82372.82876397972,0.3591960913455825
time,42,histgb,True,Town Code,31,987,82522.55634828209,100404.95742250611,0.6445551123165446
time,42,histgb,True,Town Code,32,628,47875.191398182964,61205.566344377694,0.4767206093894774
time,42,histgb,True,Town Code,33,44,87265.8341156936,121584.0490375008,0.2857378637853237
time,42,histgb,True,Town Code,34,119,89507.39600994089,109165.3885790615,0.4087720828599445
time,42,histgb,True,Town Code,35,519,74674.37928124215,87643.05963273866,0.3343819787096338
time,42,histgb,True,Town Code,36,244,69438.48586841556,81020.07469778814,0.5140981960261529
time,42,histgb,True,Town Code,37,1048,44189.00847259545,57375.05753097111,0.6518578102318902
time,42,histgb,True,Town Code,38,782,71098.00781960267,87834.47177046782,0.30244399905525554
time,42,histgb,True,Town Code,39,823,61892.13970779426,74088.25899824117,0.4514005107806291
time,42,histgb,True,Town Code,70,1124,55586.03324696231,74473.71405047826,0.6105240232744785
time,42,histgb,True,Town Code,71,2182,83313.34712015853,109432.0081428634,0.37634970661973455
time,42,histgb,True,Town Code,72,2890,59298.048584965996,76555.71790423332,0.5611861688478935
time,42,histgb,True,Town Code,73,111,96305.61696504481,129871.37063247195,0.29775627876073973
time,42,histgb,True,Town Code,74,4,43839.386924695675,54660.9748396129,0.16864511350322434
time,42,histgb,True,Town Code,75,110,78161.21796347456,101124.2154454435,0.28687749505022847
time,42,histgb,True,Town Code,76,179,97549.34834573414,130409.96521169976,0.5641414462299535
time,42,histgb,True,Town Code,77,577,80862.75503350711,105516.60340612874,0.6702949450855507
time,42,histgb,False,price_band,<100k,3012,22554.767744745142,39530.505809544506,0.4666512170714087
time,42,histgb,False,price_band,100k-250k,8216,68344.99758753338,79216.99466615147,0.6087501453505578
time,42,histgb,False,price_band,250k-500k,7197,93269.7666922506,110757.92495928309,0.4413931549962044
time,42,histgb,False,price_band,500k-1m,1774,156148.12852119713,187542.51528104433,0.40786924265133057
time,42,histgb,False,Property Class,202,3308,70880.18530135813,94987.11864488607,0.6461265661731276
time,42,histgb,False,Property Class,203,9737,77200.51282007094,98848.86026566813,0.5427118425036044
time,42,histgb,False,Property Class,204,1264,75461.94669111354,97402.23534560941,0.3549099702321662
time,42,histgb,False,Property Class,205,2116,86742.9071216188,111775.63873180992,0.5108382975896584
time,42,histgb,False,Property Class,206,584,106390.02152018578,136240.55583117928,0.3958502794535651
time,42,histgb,False,Property Class,207,770,80962.42426524774,103284.72114844283,0.44696475193750496
time,42,histgb,False,Property Class,208,157,95031.75617603608,115695.23952980008,0.262066565553831
time,42,histgb,False,Property Class,209,24,105294.19622096897,140867.63070596574,0.321086492122086
time,42,histgb,False,Property Class,278,2239,76240.25343156383,98899.58869585703,0.2827015793653623
time,42,histgb,False,Town Code,10,107,102227.83156778448,134976.56779962522,0.41394089803437034
time,42,histgb,False,Town Code,11,323,102141.66605902588,121964.15226787321,0.6154357063989205
time,42,histgb,False,Town Code,12,536,47571.912536225514,62030.191112120025,0.5629645572762374
time,42,histgb,False,Town Code,13,637,56425.6560788891,66983.219355123,0.5497010796084655
time,42,histgb,False,Town Code,14,87,49982.27487273528,64349.849319239736,0.7805812470399406
time,42,histgb,False,Town Code,15,208,93214.8515965125,106279.25750448131,0.7864053606969087
time,42,histgb,False,Town Code,16,374,72358.29046265133,87822.48635911338,0.2922562072850584
time,42,histgb,False,Town Code,17,198,116786.05713534445,143020.4647064684,0.3934142333051252
time,42,histgb,False,Town Code,18,603,66038.03311148589,74713.53648016529,0.39689736914358026
time,42,histgb,False,Town Code,19,167,74475.03498171295,93507.33068636096,0.2741386923138868
time,42,histgb,False,Town Code,20,585,87286.2395594261,104081.58631254558,0.5262308779740016
time,42,histgb,False,Town Code,21,543,93986.79903159973,119820.59716426501,0.4506160294734687
time,42,histgb,False,Town Code,22,649,79648.47416209866,101188.43572267288,0.3171452341437157
time,42,histgb,False,Town Code,23,198,89286.9123515896,111878.24115171237,0.24079733956941352
time,42,histgb,False,Town Code,24,461,79752.19832118052,98031.12097477567,0.3129703356704177
time,42,histgb,False,Town Code,25,400,86557.9440850639,109655.35366316284,0.27926220631996324
time,42,histgb,False,Town Code,26,200,89006.42348747503,109721.72678916676,0.36377716873456917
time,42,histgb,False,Town Code,27,251,106852.55880399152,135435.10011735032,0.3971310167587721
time,42,histgb,False,Town Code,28,456,64055.322647135414,82832.19654092891,0.2828804604981869
time,42,histgb,False,Town Code,29,621,60835.804796250115,74615.99526555049,0.24969753844267853
time,42,histgb,False,Town Code,30,224,73764.3893951786,92895.9995809162,0.4042266750680216
time,42,histgb,False,Town Code,31,987,86074.82642200694,106230.39882976747,0.6154904683864492
time,42,histgb,False,Town Code,32,628,49105.23297605602,62605.54474138938,0.4715021236096683
time,42,histgb,False,Town Code,33,44,153290.98963145024,176788.71832205995,0.3859763290528469
time,42,histgb,False,Town Code,34,119,108301.89020055601,130993.18754858537,0.44090230264864044
time,42,histgb,False,Town Code,35,519,74273.02361588806,86380.57819657808,0.3093479285912137
time,42,histgb,False,Town Code,36,244,68811.13287469576,79734.76489657159,0.4945241993672156
time,42,histgb,False,Town Code,37,1048,43181.588660185036,55466.58792500824,0.6319574957798997
time,42,histgb,False,Town Code,38,782,68450.86056465734,87062.51517590726,0.2796875370060408
time,42,histgb,False,Town Code,39,823,63781.70407296743,75876.1028872489,0.45725710546642917
time,42,histgb,False,Town Code,70,1124,61956.655457261935,88190.11639750678,0.6754684035530721
time,42,histgb,False,Town Code,71,2182,110126.39844960821,138347.59250732392,0.47911113919908344
time,42,histgb,False,Town Code,72,2890,71738.8534014608,90183.65657461256,0.6318219661586991
time,42,histgb,False,Town Code,73,111,173276.79511610762,210437.06309619456,0.4514597307934877
time,42,histgb,False,Town Code,74,4,145068.14075952466,185983.01643133422,0.3704017737441712
time,42,histgb,False,Town Code,75,110,99385.47857816485,117454.6427193732,0.33812990946720123
time,42,histgb,False,Town Code,76,179,129898.7539467668,155689.04921708044,0.666190214678757
time,42,histgb,False,Town Code,77,577,107254.891915002,141328.4985461253,0.7820693429490655
